{
    "21c8f81f-6792-4690-b32c-ee2f0f212d4c": {
        "bboxes": [
            [
                0.11510416666666666,
                0.5453703703703704,
                0.13333333333333333,
                0.27314814814814814
            ]
        ],
        "labels": [
            "dislike"
        ]
    },
    "87a36573-8de6-4ca1-bb1d-4dcf0e37f788": {
        "bboxes": [
            [
                0.4875,
                0.5648148148148148,
                0.13541666666666666,
                0.2953703703703704
            ]
        ],
        "labels": [
            "dislike"
        ]
    },
    "727d0fe3-8140-4d59-85e3-e100bab33066": {
        "bboxes": [
            [
                0.43697916666666664,
                0.5592592592592592,
                0.13645833333333332,
                0.29074074074074074
            ]
        ],
        "labels": [
            "dislike"
        ]
    },
    "b9b80121-e57a-484d-a532-cb0838f0c319": {
        "bboxes": [
            [
                0.13489583333333333,
                0.587037037037037,
                0.14270833333333333,
                0.3074074074074074
            ]
        ],
        "labels": [
            "like"
        ]
    },
    "9853aba6-3d94-4bb2-b18d-f3670d205073": {
        "bboxes": [
            [
                0.41458333333333336,
                0.6166666666666667,
                0.15885416666666666,
                0.36944444444444446
            ]
        ],
        "labels": [
            "like"
        ]
    },
    "c86f3152-5fdf-43fa-813d-087a6707538c": {
        "bboxes": [
            [
                0.4671875,
                0.5388888888888889,
                0.13385416666666666,
                0.3388888888888889
            ]
        ],
        "labels": [
            "like"
        ]
    },
    "4a680fef-b04f-4d32-a5a0-54d5c25a7bbe": {
        "bboxes": [
            [
                0.041666666666666664,
                0.5814814814814815,
                0.12864583333333332,
                0.41388888888888886
            ]
        ],
        "labels": [
            "peace"
        ]
    },
    "2dfe9821-3d19-4746-9fba-3a22eb37d439": {
        "bboxes": [
            [
                0.5583333333333333,
                0.47962962962962963,
                0.10052083333333334,
                0.3675925925925926
            ]
        ],
        "labels": [
            "peace"
        ]
    },
    "d2a1a1a1-a137-4636-9667-e4940a76bbbe": {
        "bboxes": [
            [
                0.057291666666666664,
                0.5601851851851852,
                0.1109375,
                0.3435185185185185
            ]
        ],
        "labels": [
            "peace"
        ]
    },
    "b07a38f8-6d9e-491e-8539-0f809371d67c": {
        "bboxes": [
            [
                0.12083333333333333,
                0.5916666666666667,
                0.14166666666666666,
                0.3435185185185185
            ]
        ],
        "labels": [
            "rock"
        ]
    },
    "b4065f94-07ac-48f3-9d1d-27c39af059ab": {
        "bboxes": [
            [
                0.5713541666666667,
                0.36944444444444446,
                0.11614583333333334,
                0.3287037037037037
            ]
        ],
        "labels": [
            "rock"
        ]
    },
    "d23bae0e-9ee7-4994-8be8-b6a747238b87": {
        "bboxes": [
            [
                0.010416666666666666,
                0.41203703703703703,
                0.11770833333333333,
                0.31574074074074077
            ]
        ],
        "labels": [
            "rock"
        ]
    },
    "c86ad042-66f1-4b34-9680-8f7ad9c71f84": {
        "bboxes": [
            [
                0.013541666666666667,
                0.3685185185185185,
                0.12239583333333333,
                0.36203703703703705
            ]
        ],
        "labels": [
            "stop"
        ]
    },
    "2a83dd8b-1ea6-485a-a946-70fa58ef7465": {
        "bboxes": [
            [
                0.5234375,
                0.36574074074074076,
                0.11770833333333333,
                0.38055555555555554
            ]
        ],
        "labels": [
            "stop"
        ]
    },
    "c95002b0-023d-44b0-ab71-07871d304324": {
        "bboxes": [
            [
                0.059895833333333336,
                0.5342592592592592,
                0.13125,
                0.37222222222222223
            ]
        ],
        "labels": [
            "stop"
        ]
    }
}