{
    "aebd47e3-7833-474a-94e4-f56c68b9b719": {
        "bboxes": [
            [
                0.11197916666666667,
                0.549074074074074,
                0.14166666666666666,
                0.26944444444444443
            ]
        ],
        "labels": [
            "dislike"
        ]
    },
    "9380ff2d-e198-436c-9faa-7fad96a5d389": {
        "bboxes": [
            [
                0.43385416666666665,
                0.5388888888888889,
                0.14739583333333334,
                0.31574074074074077
            ]
        ],
        "labels": [
            "dislike"
        ]
    },
    "015a9878-79fc-4905-bd8e-035a2c971a0e": {
        "bboxes": [
            [
                0.4713541666666667,
                0.5592592592592592,
                0.15104166666666666,
                0.31203703703703706
            ]
        ],
        "labels": [
            "dislike"
        ]
    },
    "27361059-d209-4f92-b269-84d322b83151": {
        "bboxes": [
            [
                0.14166666666666666,
                0.5879629629629629,
                0.1375,
                0.3194444444444444
            ]
        ],
        "labels": [
            "like"
        ]
    },
    "004fbb6f-f750-43b0-933c-e81d92c9045c": {
        "bboxes": [
            [
                0.4192708333333333,
                0.6074074074074074,
                0.14427083333333332,
                0.3888888888888889
            ]
        ],
        "labels": [
            "like"
        ]
    },
    "7b795098-15eb-46ff-bc7a-e73c26fd973e": {
        "bboxes": [
            [
                0.46875,
                0.5407407407407407,
                0.13177083333333334,
                0.3287037037037037
            ]
        ],
        "labels": [
            "like"
        ]
    },
    "fbaf00ba-01ef-4ca9-b94a-7ebb7a5ef3b6": {
        "bboxes": [
            [
                0.044270833333333336,
                0.562037037037037,
                0.13385416666666666,
                0.36018518518518516
            ]
        ],
        "labels": [
            "peace"
        ]
    },
    "b8bffd0f-c363-4fcc-bffc-0d9f9a46c892": {
        "bboxes": [
            [
                0.035416666666666666,
                0.5740740740740741,
                0.1390625,
                0.4185185185185185
            ]
        ],
        "labels": [
            "peace"
        ]
    },
    "a6e18910-f5e4-4980-afee-d06d2c384e7a": {
        "bboxes": [
            [
                0.5583333333333333,
                0.48055555555555557,
                0.10520833333333333,
                0.3592592592592593
            ]
        ],
        "labels": [
            "peace"
        ]
    },
    "517419dd-2dc5-4bef-9582-f8179315e60c": {
        "bboxes": [
            [
                0.5682291666666667,
                0.3611111111111111,
                0.1265625,
                0.35462962962962963
            ]
        ],
        "labels": [
            "rock"
        ]
    },
    "741bd2c9-ef55-4d08-b2b6-adda419f38fb": {
        "bboxes": [
            [
                0.1046875,
                0.5925925925925926,
                0.16458333333333333,
                0.3453703703703704
            ]
        ],
        "labels": [
            "rock"
        ]
    },
    "db694350-dff3-4d3e-92f1-123408b069dd": {
        "bboxes": [
            [
                0.005208333333333333,
                0.4074074074074074,
                0.128125,
                0.3351851851851852
            ]
        ],
        "labels": [
            "rock"
        ]
    },
    "abb31c48-39d6-4cd6-9ea8-ae668213773b": {
        "bboxes": [
            [
                0.059375,
                0.5351851851851852,
                0.13072916666666667,
                0.38796296296296295
            ]
        ],
        "labels": [
            "stop"
        ]
    },
    "c6068df8-6010-46d4-bd46-673f17bcc42f": {
        "bboxes": [
            [
                0.011458333333333333,
                0.36574074074074076,
                0.12395833333333334,
                0.38055555555555554
            ]
        ],
        "labels": [
            "stop"
        ]
    },
    "56001d93-ca15-44f3-ae72-9c9d6505347d": {
        "bboxes": [
            [
                0.5119791666666667,
                0.37407407407407406,
                0.14270833333333333,
                0.3814814814814815
            ]
        ],
        "labels": [
            "stop"
        ]
    }
}